顧客ID,フルネーム,メールアドレス,電話番号,住所,生年月日,会員ランク,購入金額
C0001,池田 春香,池田_春香@gmail.com,03-2679-9935,大阪府_鎌ケ谷市_シャルム,2000/12/06,ゴールド,13280
C0002,井上 智也,井上_智也@yahoo.co.jp,03-9928-7873,愛知県_小平市_アーバン,1978.07.23,ブロンズ,1851
C0003,高橋 舞,高橋_舞@yahoo.co.jp,03-6514-2674,大阪府_北区_コート,1976/07/08,ブロンズ,46082
C0004,渡辺 千代,渡辺_千代@business.jp,070-9785-3045,福岡県_西東京市_シティ,2004.12.30,シルバー,93349
C0005,松田 京助,松田_京助@gmail.com,03-2654-7227,福岡県_小金井市_ハイツ,2005.02.02,ブロンズ,22319
C0006,松田 英樹,松田_英樹@outlook.com,08099949389,愛知県_多摩市_コート,1990-06-10,一般,36382
C0007,山本 舞,山本_舞@business.jp,090-4598-6313,福岡県_昭島市_コート,1987/07/02,ブロンズ,28869
C0008,中村 晃,中村_晃@company.co.jp,03-5040-9830,福岡県_渋谷区_シャルム,1998.09.04,一般,48447
C0009,岡田 美加子,岡田_美加子@yahoo.co.jp,03-2796-3504,神奈川県_文京区_パレス,1967.12.07,ゴールド,51432
C0010,中島 翔太,中島_翔太@company.co.jp,090-8668-9669,北海道_香取郡多古町_パーク,1967-11-13,一般,21730
C0011,伊藤 幹,伊藤_幹@company.co.jp,08077187530,愛知県_世田谷区_パーク,1998-08-07,シルバー,71697
C0012,藤田 篤司,藤田_篤司@business.jp,090-1009-6310,愛知県_横浜市磯子区_コート,1987/06/04,ゴールド,12226
C0013,阿部 聡太郎,阿部_聡太郎@company.co.jp,08026879290,京都府_羽村市_コート,1975.01.02,シルバー,94447
C0014,清水 さゆり,清水_さゆり@outlook.com,090-7537-7118,愛知県_三宅島三宅村_クレスト,1991-11-16,ゴールド,78110
C0015,山田 聡太郎,山田_聡太郎@business.jp,070-2163-1964,東京都_青梅市_シティ,1966/10/05,シルバー,37500
C0016,長谷川 稔,長谷川_稔@company.co.jp,090-4510-9834,愛知県_青梅市_シティ,1964/12/21,一般,47438
C0017,石川 裕美子,石川_裕美子@company.co.jp,08017270733,大阪府_横浜市鶴見区_シャルム,1990/11/29,シルバー,71292
C0018,鈴木 美加子,鈴木_美加子@company.co.jp,090-3296-7912,兵庫県_葛飾区_コート,2000/08/26,ゴールド,13224
C0019,小川 春香,小川_春香@yahoo.co.jp,03-7570-1960,神奈川県_山武市_アーバン,1996/04/17,一般,35760
C0020,山口 直樹,山口_直樹@company.co.jp,090-5673-7930,愛知県_足立区_コーポ,1983.03.27,ゴールド,99038
C0021,山本 淳,山本_淳@outlook.com,090-1936-1821,東京都_山武市_コート,1997/12/25,ゴールド,78992
C0022,西村 充,西村_充@gmail.com,070-5033-1651,北海道_いすみ市_コーポ,1988/10/15,ブロンズ,32285
C0023,佐藤 太郎,佐藤_太郎@outlook.com,03-6180-2188,東京都_長生郡白子町_ハイツ,1991.06.01,ゴールド,10602
C0024,鈴木 裕樹,鈴木_裕樹@business.jp,070-3170-6718,北海道_香取郡東庄町_ハイツ,1995/05/18,一般,72200
C0025,山田 和也,山田_和也@outlook.com,090-9666-1128,大阪府_三鷹市_アーバン,1983.12.13,シルバー,36697
C0026,佐藤 聡太郎,佐藤_聡太郎@outlook.com,090-4450-6617,東京都_印旛郡本埜村_シャルム,1988.01.07,一般,37265
C0027,吉田 里佳,吉田_里佳@gmail.com,090-1058-6464,東京都_横浜市保土ケ谷区_ハイツ,1996/08/01,シルバー,72511
C0028,斉藤 翔太,斉藤_翔太@gmail.com,070-3088-1685,東京都_横浜市西区_クレスト,1983/09/03,シルバー,88416
C0029,加藤 里佳,加藤_里佳@gmail.com,090-6794-7658,京都府_山武郡横芝光町_パーク,1977/02/24,ブロンズ,54964
C0030,山崎 幹,山崎_幹@yahoo.co.jp,03-8711-4644,愛知県_江東区_アーバン,1986-11-16,ブロンズ,30831
C0031,松田 康弘,松田_康弘@yahoo.co.jp,03-2137-5573,北海道_渋谷区_パレス,1975.06.09,ブロンズ,4617
C0032,渡辺 和也,渡辺_和也@gmail.com,070-5349-1626,北海道_横浜市磯子区_コート,1997-08-08,ゴールド,51488
C0033,木村 真綾,木村_真綾@business.jp,070-8144-1027,愛知県_香取郡神崎町_ハイツ,1985-05-28,ゴールド,88062
C0034,山田 舞,山田_舞@outlook.com,070-9308-6067,京都府_新宿区_パーク,1974.06.25,シルバー,26144
C0035,藤井 裕太,藤井_裕太@company.co.jp,070-5930-7653,福岡県_長生郡白子町_シャルム,1992/09/09,一般,77019
C0036,阿部 直子,阿部_直子@business.jp,090-6279-8618,神奈川県_青梅市_パーク,2003-06-19,ブロンズ,13240
C0037,青木 結衣,青木_結衣@yahoo.co.jp,090-6085-4680,兵庫県_墨田区_パレス,1983-09-18,一般,83544
C0038,岡本 稔,岡本_稔@business.jp,03-3417-1090,大阪府_稲城市_パーク,1968/05/23,シルバー,92214
C0039,伊藤 美加子,伊藤_美加子@business.jp,070-5082-2988,兵庫県_墨田区_パレス,1964-08-24,一般,72810
C0040,中村 充,中村_充@company.co.jp,08070407340,兵庫県_横浜市磯子区_ハイツ,1970-12-05,一般,11155
C0041,伊藤 春香,伊藤_春香@outlook.com,08055076693,神奈川県_町田市_シャルム,1987-10-17,シルバー,93591
C0042,松本 直人,松本_直人@yahoo.co.jp,08064707061,東京都_袖ケ浦市_パーク,1983-10-01,一般,77556
C0043,三浦 陽一,三浦_陽一@gmail.com,03-7389-7865,愛知県_府中市_パーク,1982/08/10,ブロンズ,58125
C0044,高橋 充,高橋_充@company.co.jp,03-8657-3091,東京都_横浜市栄区_シャルム,1994.05.22,ゴールド,12003
C0045,吉田 聡太郎,吉田_聡太郎@company.co.jp,03-7211-6363,愛知県_横浜市中区_パーク,2000-12-28,ブロンズ,50692
C0046,青木 稔,青木_稔@outlook.com,08020993268,北海道_夷隅郡大多喜町_ハイツ,1989.05.08,ゴールド,86426
C0047,近藤 晃,近藤_晃@gmail.com,090-1508-5051,兵庫県_川崎市高津区_クレスト,1990.09.28,シルバー,61952
C0048,鈴木 里佳,鈴木_里佳@outlook.com,070-2876-3683,東京都_台東区_パレス,1986.09.22,一般,52990
C0049,中村 治,中村_治@yahoo.co.jp,070-5941-2983,京都府_山武市_パレス,1995/10/23,ブロンズ,2658
C0050,加藤 洋介,加藤_洋介@company.co.jp,070-6934-8532,神奈川県_山武郡芝山町_コーポ,1991.03.05,一般,61931
C0051,田中 洋介,田中_洋介@company.co.jp,03-8385-4995,兵庫県_山武郡九十九里町_クレスト,1990-04-01,ゴールド,65789
C0052,田中 英樹,田中_英樹@outlook.com,090-3979-8988,福岡県_町田市_パレス,1964.08.16,シルバー,12221
C0053,橋本 千代,橋本_千代@yahoo.co.jp,090-7658-9004,東京都_山武郡九十九里町_パーク,1970-11-27,シルバー,54005
C0054,小川 花子,小川_花子@yahoo.co.jp,03-7971-6419,北海道_富津市_コーポ,1966-09-14,ブロンズ,33951
C0055,石川 和也,石川_和也@yahoo.co.jp,03-4033-4138,愛知県_神津島村_シティ,1977-02-17,ブロンズ,14176
C0056,渡辺 洋介,渡辺_洋介@yahoo.co.jp,070-3939-5952,神奈川県_山武郡横芝光町_ハイツ,1996/06/15,ゴールド,73529
C0057,橋本 千代,橋本_千代@outlook.com,070-1200-5658,兵庫県_いすみ市_コート,1996/11/04,ゴールド,34092
C0058,渡辺 修平,渡辺_修平@company.co.jp,070-9056-2213,神奈川県_立川市_シャルム,1965/08/14,シルバー,16525
C0059,山本 零,山本_零@business.jp,070-7232-8381,京都府_千代田区_クレスト,1980.09.08,ゴールド,80905
C0060,佐藤 稔,佐藤_稔@gmail.com,08045520201,大阪府_横浜市港南区_アーバン,1980/03/29,一般,60048
C0061,鈴木 英樹,鈴木_英樹@business.jp,08014380847,大阪府_小金井市_パーク,1997-02-16,シルバー,56723
C0062,岡田 学,岡田_学@gmail.com,08096924061,東京都_君津市_コーポ,1986-04-12,ブロンズ,58560
C0063,阿部 洋介,阿部_洋介@gmail.com,090-8679-5982,兵庫県_昭島市_クレスト,1995.01.17,ゴールド,57626
C0064,中島 零,中島_零@outlook.com,03-5415-1659,神奈川県_大網白里市_アーバン,1984.02.21,一般,37458
C0065,田中 涼平,田中_涼平@yahoo.co.jp,090-8141-9056,北海道_富里市_パーク,1976/09/04,ブロンズ,54955
C0066,渡辺 さゆり,渡辺_さゆり@company.co.jp,070-1601-8451,福岡県_世田谷区_パレス,1971/10/05,一般,68449
C0067,山崎 充,山崎_充@gmail.com,03-9494-6927,兵庫県_東大和市_シティ,2001/03/01,シルバー,36003
C0068,渡辺 拓真,渡辺_拓真@business.jp,070-8941-2989,神奈川県_川崎市高津区_シャルム,1998.02.04,ゴールド,73384
C0069,石川 直子,石川_直子@company.co.jp,070-8560-2924,福岡県_新島村_パーク,2004-07-11,一般,62894
C0070,小林 太郎,小林_太郎@yahoo.co.jp,03-3236-2143,福岡県_富里市_コート,2002-07-23,ブロンズ,1336
C0071,後藤 翼,後藤_翼@outlook.com,03-8935-6654,北海道_昭島市_コーポ,1976-08-21,ブロンズ,25727
C0072,石川 修平,石川_修平@yahoo.co.jp,08065133300,京都府_夷隅郡御宿町_アーバン,2002-12-19,ゴールド,17547
C0073,高橋 加奈,高橋_加奈@business.jp,03-8486-1251,神奈川県_西東京市_パレス,1977.05.21,シルバー,10807
C0074,中村 春香,中村_春香@company.co.jp,070-7512-2315,京都府_町田市_クレスト,1979.10.08,一般,71912
C0075,佐藤 七夏,佐藤_七夏@gmail.com,090-2121-4846,大阪府_葛飾区_コーポ,1976-07-04,シルバー,91964
C0076,池田 学,池田_学@outlook.com,08053536830,京都府_横浜市都筑区_アーバン,1989/01/31,一般,75177
C0077,吉田 淳,吉田_淳@yahoo.co.jp,03-9153-3344,愛知県_小笠原村_シティ,1979.08.20,ブロンズ,61236
C0078,高橋 康弘,高橋_康弘@outlook.com,070-9955-3588,北海道_神津島村_シャルム,1989.05.26,一般,91480
C0079,田中 和也,田中_和也@outlook.com,070-7302-8916,京都府_江戸川区_クレスト,1980.12.05,ブロンズ,92655
C0080,福田 裕樹,福田_裕樹@outlook.com,070-1132-1803,愛知県_安房郡鋸南町_パレス,1986/10/25,シルバー,82381
C0081,山本 零,山本_零@outlook.com,08094216001,北海道_小金井市_パレス,1993/10/21,ブロンズ,43823
C0082,村上 桃子,村上_桃子@company.co.jp,08027738187,福岡県_港区_シティ,1966-08-13,一般,39684
C0083,伊藤 陽一,伊藤_陽一@outlook.com,03-7511-6992,大阪府_中野区_シャルム,2002/01/23,ブロンズ,71329
C0084,山本 学,山本_学@gmail.com,090-8451-7038,兵庫県_東大和市_ハイツ,1990.11.02,ブロンズ,80964
C0085,阿部 篤司,阿部_篤司@yahoo.co.jp,070-7689-2911,東京都_国分寺市_コート,2002-07-14,ゴールド,13739
C0086,佐藤 篤司,佐藤_篤司@yahoo.co.jp,03-9850-7866,神奈川県_大田区_コート,1984.08.14,ゴールド,65139
C0087,小林 智也,小林_智也@business.jp,070-7070-4559,愛知県_川崎市中原区_アーバン,1974/05/10,ブロンズ,72364
C0088,山崎 涼平,山崎_涼平@outlook.com,090-1992-7523,愛知県_文京区_クレスト,1968/01/31,ブロンズ,32925
C0089,太田 春香,太田_春香@yahoo.co.jp,090-4362-2124,神奈川県_杉並区_コーポ,1983-11-18,シルバー,18038
C0090,山口 明美,山口_明美@business.jp,070-1422-3159,愛知県_横浜市鶴見区_コート,1998/10/13,シルバー,35782
C0091,遠藤 充,遠藤_充@gmail.com,090-3076-7897,北海道_千代田区_コーポ,1994-07-02,シルバー,81623
C0092,池田 直人,池田_直人@gmail.com,090-9543-5941,京都府_川崎市宮前区_シティ,1981-04-02,一般,10632
C0093,佐々木 桃子,佐々木_桃子@gmail.com,070-3067-5505,京都府_横浜市西区_ハイツ,1993-02-07,一般,13999
C0094,佐藤 幹,佐藤_幹@gmail.com,03-6553-8430,京都府_富津市_クレスト,1984.10.06,ゴールド,41966
C0095,中村 洋介,中村_洋介@company.co.jp,090-6120-5176,大阪府_夷隅郡御宿町_コーポ,1979-05-26,ゴールド,98594
C0096,三浦 くみ子,三浦_くみ子@outlook.com,090-3131-1982,京都府_西多摩郡瑞穂町_ハイツ,1983-07-20,ブロンズ,47090
C0097,中村 聡太郎,中村_聡太郎@gmail.com,090-9313-4485,北海道_鎌ケ谷市_シティ,1993-02-19,シルバー,57244
C0098,佐藤 英樹,佐藤_英樹@business.jp,090-1430-5381,北海道_南房総市_アーバン,1970/10/28,シルバー,75228
C0099,岡田 稔,岡田_稔@company.co.jp,03-9691-4524,京都府_長生郡長柄町_シティ,1997-03-24,ブロンズ,21631
C0100,伊藤 聡太郎,伊藤_聡太郎@outlook.com,090-6105-6314,東京都_御蔵島村_パレス,1969-07-31,一般,87761
C0101,藤田 涼平,藤田_涼平@company.co.jp,03-9394-2864,北海道_横浜市都筑区_コーポ,1997/09/10,ブロンズ,89895
C0102,山崎 健一,山崎_健一@business.jp,090-8972-9633,東京都_富里市_シティ,1985/10/22,ブロンズ,28686
C0103,中村 健一,中村_健一@yahoo.co.jp,08054039837,神奈川県_長生郡一宮町_パーク,1991-10-10,シルバー,66570
C0104,伊藤 さゆり,伊藤_さゆり@business.jp,070-1693-8147,大阪府_香取郡神崎町_ハイツ,1999.03.17,一般,76156
C0105,渡辺 真綾,渡辺_真綾@company.co.jp,070-7636-1341,兵庫県_四街道市_シティ,1975/04/14,一般,14875
C0106,太田 美加子,太田_美加子@yahoo.co.jp,070-2288-7484,愛知県_南房総市_パーク,1992/07/24,ゴールド,67910
C0107,池田 洋介,池田_洋介@gmail.com,08036025314,大阪府_台東区_コート,1976-03-25,シルバー,23740
C0108,田中 翼,田中_翼@business.jp,08033776150,北海道_杉並区_パレス,1993-08-17,ゴールド,62462
C0109,佐藤 里佳,佐藤_里佳@company.co.jp,03-9312-2215,福岡県_川崎市宮前区_コート,1972-12-07,ゴールド,8456
C0110,伊藤 あすか,伊藤_あすか@outlook.com,03-7299-8581,東京都_長生郡白子町_パーク,1968.09.27,シルバー,43143
C0111,鈴木 涼平,鈴木_涼平@business.jp,08030248230,大阪府_国立市_コーポ,1992/11/10,シルバー,93749
C0112,佐々木 知実,佐々木_知実@company.co.jp,03-7108-5634,京都府_横浜市鶴見区_パーク,1967-07-03,ゴールド,83691
C0113,藤原 真綾,藤原_真綾@outlook.com,090-2079-6401,北海道_目黒区_パーク,1964.11.19,シルバー,46851
C0114,伊藤 さゆり,伊藤_さゆり@outlook.com,090-7421-3112,神奈川県_江戸川区_シャルム,2004.05.30,一般,67648
C0115,藤田 健一,藤田_健一@outlook.com,08051455302,愛知県_西多摩郡檜原村_シャルム,2004/07/09,シルバー,11114
C0116,松本 さゆり,松本_さゆり@outlook.com,08082446804,京都府_あきる野市_パーク,1986/02/13,シルバー,91812
C0117,松本 太郎,松本_太郎@business.jp,03-4891-8277,福岡県_国立市_コート,1973/03/26,シルバー,41562
C0118,鈴木 淳,鈴木_淳@company.co.jp,08086560394,京都府_長生郡長生村_パーク,1974/09/01,シルバー,33768
C0119,鈴木 直子,鈴木_直子@gmail.com,08084429198,大阪府_長生郡長生村_パレス,1973-01-15,一般,68286
C0120,田中 七夏,田中_七夏@yahoo.co.jp,03-1436-7797,東京都_長生郡一宮町_クレスト,1965.07.05,ブロンズ,31903
C0121,林 香織,林_香織@company.co.jp,08040137082,神奈川県_目黒区_シャルム,1982/04/21,ブロンズ,62925
C0122,吉田 亮介,吉田_亮介@yahoo.co.jp,08092590645,愛知県_横浜市西区_シティ,1974.09.15,一般,15573
C0123,鈴木 洋介,鈴木_洋介@outlook.com,090-4893-5934,大阪府_白井市_シャルム,1991-01-23,ゴールド,83831
C0124,小林 陽一,小林_陽一@business.jp,08049093864,京都府_八千代市_アーバン,1986.11.16,ゴールド,69614
C0125,加藤 洋介,加藤_洋介@outlook.com,090-2108-9618,兵庫県_川崎市川崎区_アーバン,2000.11.16,一般,49929
C0126,青木 桃子,青木_桃子@outlook.com,090-1266-6850,神奈川県_板橋区_シティ,1965-03-12,ブロンズ,85252
C0127,池田 康弘,池田_康弘@yahoo.co.jp,070-3986-3209,東京都_山武郡芝山町_パレス,1970/06/28,ゴールド,27144
C0128,青木 直樹,青木_直樹@gmail.com,08079173614,東京都_川崎市宮前区_コート,1991-07-11,ブロンズ,7265
C0129,池田 春香,池田_春香@outlook.com,08059394697,北海道_西多摩郡日の出町_シティ,1986-08-05,一般,49148
C0130,藤田 翔太,藤田_翔太@business.jp,070-2293-8055,福岡県_印旛郡酒々井町_シャルム,1988/02/17,ゴールド,43981
C0131,田中 治,田中_治@outlook.com,090-6021-8305,兵庫県_大田区_パレス,1980.04.05,ブロンズ,81589
C0132,遠藤 春香,遠藤_春香@company.co.jp,08020071854,東京都_国立市_シティ,2004.11.11,一般,5561
C0133,中村 篤司,中村_篤司@yahoo.co.jp,03-7272-1530,神奈川県_武蔵村山市_コート,1977-06-30,ブロンズ,59188
C0134,山本 涼平,山本_涼平@gmail.com,090-3255-9674,大阪府_山武郡九十九里町_クレスト,1979.08.24,シルバー,66410
C0135,青木 太郎,青木_太郎@business.jp,08045135070,兵庫県_山武郡九十九里町_シティ,1964/08/10,シルバー,10706
C0136,山下 篤司,山下_篤司@company.co.jp,070-6236-6692,福岡県_印旛郡酒々井町_パレス,1997/11/23,シルバー,48381
C0137,林 陽一,林_陽一@business.jp,070-3275-4878,北海道_安房郡鋸南町_クレスト,1978-06-10,シルバー,81209
C0138,池田 英樹,池田_英樹@gmail.com,08063440127,大阪府_調布市_クレスト,1966-12-23,ゴールド,59979
C0139,石川 零,石川_零@company.co.jp,090-9476-6644,東京都_夷隅郡御宿町_シャルム,1968.04.05,シルバー,40862
C0140,斎藤 智也,斎藤_智也@yahoo.co.jp,08040262109,福岡県_多摩市_シャルム,1985.09.26,ブロンズ,17406
C0141,松田 翔太,松田_翔太@outlook.com,090-9740-2530,東京都_三鷹市_アーバン,1981/05/24,ゴールド,85076
C0142,斉藤 京助,斉藤_京助@business.jp,070-7825-1496,福岡県_東村山市_シティ,1987-08-09,シルバー,90783
C0143,藤田 裕樹,藤田_裕樹@company.co.jp,03-8202-7809,兵庫県_長生郡白子町_アーバン,1987/09/05,ブロンズ,80516
C0144,田中 明美,田中_明美@yahoo.co.jp,070-7532-3142,大阪府_八街市_コート,1998/01/25,一般,17059
C0145,池田 和也,池田_和也@outlook.com,08028908276,京都府_いすみ市_シティ,1978/09/20,ブロンズ,76718
C0146,伊藤 さゆり,伊藤_さゆり@outlook.com,090-4110-3610,兵庫県_川崎市多摩区_コート,1965/07/14,一般,67249
C0147,小林 さゆり,小林_さゆり@company.co.jp,03-1828-5609,兵庫県_新宿区_パーク,2000-06-21,ゴールド,15089
C0148,吉田 さゆり,吉田_さゆり@company.co.jp,08059093843,東京都_福生市_ハイツ,1985-08-10,ブロンズ,10637
C0149,佐々木 陽一,佐々木_陽一@company.co.jp,070-5582-2946,京都府_新島村_パーク,1979-04-14,ブロンズ,99954
C0150,村上 さゆり,村上_さゆり@yahoo.co.jp,070-9193-1659,神奈川県_狛江市_シャルム,1998-02-10,一般,20521
C0151,鈴木 舞,鈴木_舞@business.jp,03-7438-5902,北海道_横浜市青葉区_パレス,1976.03.04,ブロンズ,63245
C0152,小林 香織,小林_香織@gmail.com,08024710878,福岡県_中央区_クレスト,1980.06.21,ゴールド,77483
C0153,高橋 裕美子,高橋_裕美子@company.co.jp,08094426338,大阪府_中野区_パレス,1966/07/08,一般,42116
C0154,前田 加奈,前田_加奈@company.co.jp,08037365878,神奈川県_君津市_パレス,2005.02.14,ブロンズ,87799
C0155,吉田 学,吉田_学@company.co.jp,070-3837-8531,北海道_三鷹市_アーバン,2005.02.12,一般,26200
C0156,伊藤 浩,伊藤_浩@yahoo.co.jp,03-4396-9011,北海道_鴨川市_コート,1988-04-28,ブロンズ,38721
C0157,西村 あすか,西村_あすか@gmail.com,090-9899-7220,福岡県_千代田区_シティ,1967-05-08,一般,86979
C0158,長谷川 花子,長谷川_花子@outlook.com,08037121108,大阪府_台東区_ハイツ,1996/03/03,ゴールド,88796
C0159,林 幹,林_幹@business.jp,08017045237,大阪府_荒川区_シティ,1992/09/23,シルバー,54334
C0160,山本 加奈,山本_加奈@company.co.jp,090-8822-4267,愛知県_夷隅郡大多喜町_クレスト,1984/06/10,一般,24040
C0161,佐藤 治,佐藤_治@gmail.com,070-5742-1613,大阪府_横浜市磯子区_コート,1998-08-14,一般,85058
C0162,加藤 陽子,加藤_陽子@business.jp,070-9261-8668,大阪府_山武郡横芝光町_アーバン,1983/11/23,一般,85972
C0163,山崎 あすか,山崎_あすか@outlook.com,070-5833-4164,京都府_江東区_ハイツ,2000/11/06,一般,88720
C0164,伊藤 零,伊藤_零@gmail.com,08074082804,京都府_我孫子市_パレス,1994-05-15,ブロンズ,44204
C0165,長谷川 翼,長谷川_翼@outlook.com,070-6890-4871,兵庫県_山武郡芝山町_パレス,1983/04/03,一般,90925
C0166,松本 香織,松本_香織@business.jp,03-4618-4590,神奈川県_港区_シティ,1995/11/20,一般,99007
C0167,長谷川 真綾,長谷川_真綾@business.jp,03-4578-5054,大阪府_八丈島八丈町_コーポ,1969.01.31,ブロンズ,11237
C0168,藤田 修平,藤田_修平@business.jp,070-9281-4312,神奈川県_台東区_ハイツ,1986.07.07,一般,16235
C0169,山田 晃,山田_晃@yahoo.co.jp,03-8429-3161,京都府_福生市_コーポ,1998.01.12,ゴールド,74242
C0170,小林 加奈,小林_加奈@company.co.jp,03-4570-2196,東京都_台東区_ハイツ,1967-05-11,ゴールド,71931
C0171,山下 花子,山下_花子@gmail.com,070-5703-7698,京都府_いすみ市_ハイツ,1999-05-04,一般,50479
C0172,高橋 太郎,高橋_太郎@company.co.jp,08027849589,京都府_川崎市川崎区_シティ,1983.06.17,シルバー,1455
C0173,伊藤 千代,伊藤_千代@gmail.com,03-7214-4762,愛知県_清瀬市_パレス,2000-11-05,シルバー,37129
C0174,鈴木 英樹,鈴木_英樹@yahoo.co.jp,090-2848-1527,大阪府_三宅島三宅村_クレスト,1997.08.20,ゴールド,59515
C0175,高橋 春香,高橋_春香@business.jp,090-1797-5009,愛知県_横浜市中区_コーポ,1983/04/17,ブロンズ,31692
C0176,西村 幹,西村_幹@business.jp,070-5944-3347,京都府_武蔵村山市_コート,1987-07-13,ゴールド,73970
C0177,福田 裕太,福田_裕太@business.jp,03-6642-7244,北海道_香取郡多古町_コート,1994-01-28,シルバー,40306
C0178,池田 聡太郎,池田_聡太郎@company.co.jp,090-4012-9813,兵庫県_豊島区_アーバン,1978.11.27,一般,55592
C0179,松本 結衣,松本_結衣@business.jp,03-4331-6411,大阪府_国立市_シャルム,1977-08-14,ゴールド,71206
C0180,山本 香織,山本_香織@yahoo.co.jp,08060622628,兵庫県_夷隅郡御宿町_シャルム,1977-01-05,ブロンズ,3009
C0181,青木 零,青木_零@yahoo.co.jp,070-4974-4350,北海道_横浜市中区_パレス,1969-08-23,一般,70946
C0182,森 智也,森_智也@outlook.com,070-9401-9147,兵庫県_横浜市栄区_アーバン,1994/04/09,ブロンズ,42015
C0183,鈴木 香織,鈴木_香織@company.co.jp,08029585415,神奈川県_横浜市泉区_コート,1987-04-18,シルバー,50786
C0184,渡辺 直子,渡辺_直子@business.jp,08083905989,兵庫県_富里市_パーク,1992.05.28,ブロンズ,23185
C0185,山下 さゆり,山下_さゆり@yahoo.co.jp,090-9954-9000,大阪府_白井市_シャルム,1972/08/27,一般,19021
C0186,藤田 春香,藤田_春香@yahoo.co.jp,03-8471-7114,東京都_青ヶ島村_コート,2004.08.27,一般,3061
C0187,小林 くみ子,小林_くみ子@gmail.com,090-9719-7739,福岡県_荒川区_ハイツ,1989.07.11,一般,24496
C0188,渡辺 和也,渡辺_和也@gmail.com,070-4948-4144,北海道_横浜市港北区_クレスト,1965-05-31,ゴールド,49896
C0189,村上 明美,村上_明美@company.co.jp,03-1519-2531,京都府_江東区_コーポ,1974-10-31,一般,8355
C0190,木村 陽子,木村_陽子@gmail.com,08077089857,東京都_横浜市瀬谷区_シティ,1982/03/28,一般,36532
C0191,小林 陽一,小林_陽一@gmail.com,08082884346,愛知県_我孫子市_コーポ,1984.02.20,一般,11084
C0192,田中 くみ子,田中_くみ子@outlook.com,090-3661-4939,神奈川県_八丈島八丈町_シャルム,1969.03.19,ブロンズ,8038
C0193,田中 零,田中_零@gmail.com,03-6347-1485,福岡県_横浜市神奈川区_クレスト,1999-01-31,シルバー,47636
C0194,前田 裕太,前田_裕太@business.jp,090-7150-8075,大阪府_板橋区_アーバン,2004-05-17,シルバー,50807
C0195,山本 涼平,山本_涼平@yahoo.co.jp,070-2745-2499,兵庫県_神津島村_アーバン,1967-08-11,ゴールド,18367
C0196,田中 康弘,田中_康弘@gmail.com,070-9395-7685,大阪府_横浜市栄区_アーバン,1966.11.30,ゴールド,79240
C0197,中島 翼,中島_翼@business.jp,08011656329,愛知県_福生市_シティ,1990.01.04,一般,23216
C0198,山田 康弘,山田_康弘@yahoo.co.jp,070-9079-3390,京都府_武蔵村山市_シティ,1992-05-05,ブロンズ,64469
C0199,佐藤 洋介,佐藤_洋介@gmail.com,070-9123-4203,神奈川県_御蔵島村_パレス,1980/03/21,一般,44544
C0200,佐藤 零,佐藤_零@business.jp,08069085720,北海道_印西市_クレスト,2004-07-05,ブロンズ,24283
